-- phpMyAdmin SQL Dump
-- version 5.2.1
-- https://www.phpmyadmin.net/
--
-- Host: 127.0.0.1
-- Generation Time: Jun 16, 2024 at 05:29 PM
-- Server version: 10.4.32-MariaDB
-- PHP Version: 8.2.12

SET SQL_MODE = "NO_AUTO_VALUE_ON_ZERO";
START TRANSACTION;
SET time_zone = "+00:00";


/*!40101 SET @OLD_CHARACTER_SET_CLIENT=@@CHARACTER_SET_CLIENT */;
/*!40101 SET @OLD_CHARACTER_SET_RESULTS=@@CHARACTER_SET_RESULTS */;
/*!40101 SET @OLD_COLLATION_CONNECTION=@@COLLATION_CONNECTION */;
/*!40101 SET NAMES utf8mb4 */;

--
-- Database: `webpage_db`
--

-- --------------------------------------------------------

--
-- Table structure for table `artikel`
--

CREATE TABLE `artikel` (
  `id_artikel` int(11) NOT NULL,
  `tanggal` varchar(250) NOT NULL,
  `judul` varchar(200) NOT NULL,
  `isi` text NOT NULL,
  `gambar` varchar(200) NOT NULL,
  `views` int(11) DEFAULT 0
) ENGINE=InnoDB DEFAULT CHARSET=utf8mb4 COLLATE=utf8mb4_general_ci;

--
-- Dumping data for table `artikel`
--

INSERT INTO `artikel` (`id_artikel`, `tanggal`, `judul`, `isi`, `gambar`, `views`) VALUES
(102, 'Minggu, 16 Juni 2024 | 14:24', 'Dirjen Dikti: Peningkatan Anggaran Pendidikan Kemendikbudristek Dapat Tekan Kenaikan UKT', '<p style=\"text-align:justify;\">Direktur Jenderal Pendidikan Tinggi, Riset, dan Teknologi Kemendikbudristek, Abdul Haris, menegaskan bahwa peningkatan anggaran pendidikan untuk Kemendikbudristek bisa meningkatkan Bantuan Operasional Perguruan Tinggi Negeri (BOPTN). Peningkatan BOPTN ini diyakini dapat mencegah kampus-kampus menaikkan Uang Kuliah Tunggal (UKT).</p><p style=\"text-align:justify;\">\"Peningkatan BOPTN tentu berdampak bagi perguruan tinggi untuk tidak menaikkan UKT,\" ujar Abdul Haris pada Sabtu, 15 Juni 2024.</p><p style=\"text-align:justify;\">Saat ini, Kemendikbudristek hanya mengelola 15 persen dari total anggaran pendidikan. Abdul Haris menyatakan kementeriannya sedang berupaya meningkatkan porsi anggaran ini melalui diskusi dengan berbagai pemangku kepentingan.</p><p style=\"text-align:justify;\">\"Kami sedang berdiskusi dengan sejumlah pemangku kepentingan dan berharap porsi anggaran untuk Kemendikbudristek bisa ditambah,\" kata Abdul Haris. Diskusi tersebut melibatkan Kementerian Keuangan, Kementerian Koordinator Bidang Pembangunan Manusia dan Kebudayaan, serta Kantor Staf Presiden.</p><p style=\"text-align:justify;\">Pemerintah selama ini mengalokasikan 20 persen dari APBN untuk pendidikan, namun tidak seluruhnya dikelola oleh Kemendikbudristek. Anggaran tersebut juga dialokasikan untuk Kementerian Agama dan kementerian/lembaga lainnya. Pada tahun 2024, total anggaran pendidikan mencapai Rp 655 triliun, dengan Kemendikbudristek mengelola Rp 98,9 triliun atau sekitar 14,9 persen. Anggaran terbesar dialokasikan untuk Transfer ke Daerah, yakni Rp 346,56 triliun atau 52,1 persen.</p><p style=\"text-align:justify;\">Sisanya dibagi ke Kementerian Agama sebesar Rp 62,305 triliun (9 persen), kementerian/lembaga lainnya Rp 32,859 triliun (5 persen), pengeluaran pembiayaan (termasuk dana abadi) Rp 77 triliun (12 persen), dan anggaran pendidikan pada belanja non-kementerian/lembaga Rp 47,313 triliun (7 persen).</p><p style=\"text-align:justify;\">Deputi Pencegahan dan Monitoring Komisi Pemberantasan Korupsi, Pahala Nainggolan, sebelumnya menyoroti ketimpangan anggaran pendidikan antara Perguruan Tinggi Kementerian Lain (PTKL) dan Perguruan Tinggi Negeri (PTN). PTKL, yang berada di bawah kementerian dan lembaga di luar Kemendikbudristek dan Kemenag, menerima dana lebih besar dibandingkan PTN. PTKL mendapatkan Rp 32,859 triliun, sedangkan PTN hanya mendapatkan Rp 7 triliun yang harus dibagi untuk lebih dari 100 kampus negeri di bawah naungan Kemendikbudristek.</p><p style=\"text-align:justify;\">&nbsp;</p><p>&nbsp;</p>', 'gambar/ukt.jpg', 0),
(103, 'Minggu, 16 Juni 2024 | 15:28', 'KPK: Dana Pendidikan Banyak Dialokasikan untuk Sekolah Kedinasan, UKT PTN Jadi Tinggi', '<p style=\"text-align:justify;\">Komisi Pemberantasan Korupsi (KPK) mengungkapkan adanya dugaan mismanajemen dalam alokasi dana pendidikan yang berkontribusi terhadap kenaikan Uang Kuliah Tunggal (UKT). Berdasarkan kajian KPK, dari total dana pendidikan sebesar Rp 665 triliun yang dianggarkan dalam APBN 2024, hanya Rp 39 triliun yang dialokasikan untuk membantu biaya kuliah mahasiswa.</p><p style=\"text-align:justify;\">Dari Rp 655 triliun tersebut, mahasiswa perguruan tinggi negeri hanya menerima Rp 7 triliun. Sementara itu, sebanyak Rp 32 triliun digunakan untuk membiayai kampus-kampus kedinasan.</p><p style=\"text-align:justify;\">\"Setelah kami teliti, hanya Rp 7 triliun yang digunakan untuk mahasiswa PTN, sedangkan Rp 32 triliun dialokasikan untuk perguruan tinggi yang dikelola oleh kementerian/lembaga,\" ujar Deputi Pencegahan dan Monitoring KPK, Pahala Nainggolan, dalam sebuah diskusi pada Jumat, 13 Juni 2024.</p><p style=\"text-align:justify;\">Contoh sekolah kedinasan yang dimaksud adalah Politeknik Penerbangan Indonesia (PPI) yang dikelola oleh Kementerian Perhubungan, Akademi Kepolisian RI, Akademi Militer, Institut Pemerintahan Dalam Negeri, hingga Sekolah Tinggi Ilmu Statistik.</p><p style=\"text-align:justify;\">\"Kampus-kampus yang dikelola oleh kementerian/lembaga ini mendapatkan Rp 32 triliun, jumlah yang jauh lebih besar dibandingkan bantuan operasional kuliah untuk PTN,\" tambah Pahala.</p><p style=\"text-align:justify;\">Pahala juga menyoroti bahwa beberapa sekolah kedinasan ini, meskipun dikelola oleh kementerian, lulusannya tidak diikat oleh dinas. \"Full boarding, diberikan seragam, asrama, tetapi lulusannya bukan PNS. Mengapa dikelola oleh kementerian/lembaga?\" tanyanya.</p><p style=\"text-align:justify;\">KPK juga menemukan penggunaan dana pendidikan tinggi yang tidak sesuai peruntukannya, termasuk digunakan untuk mengelola SMK dan pendidikan serta pelatihan internal kementerian/lembaga. \"Jika masalah ini dibenahi, dana tersebut bisa dialihkan ke Dikti untuk menambah biaya operasional PTN,\" tutupnya.<br>&nbsp;</p>', 'gambar/kpk ukt.jpeg', 1),
(104, 'Minggu, 16 Juni 2024 | 15:29', 'Peningkatan Anggaran Pendidikan: Solusi atau Beban Baru?', '<p style=\"text-align:justify;\">Pemerintah Indonesia tengah menjadi sorotan terkait rencana peningkatan anggaran pendidikan dalam APBN 2024. Direktur Jenderal Pendidikan Tinggi, Riset, dan Teknologi Kemendikbudristek, Abdul Haris, mengungkapkan bahwa peningkatan porsi anggaran pendidikan untuk kementeriannya dapat menjadi solusi untuk menekan kenaikan Uang Kuliah Tunggal (UKT) di perguruan tinggi negeri (PTN). Namun, rencana ini juga menuai berbagai reaksi dari masyarakat dan pakar pendidikan.</p><p style=\"text-align:justify;\">Dalam beberapa tahun terakhir, UKT di berbagai PTN mengalami kenaikan yang signifikan. Abdul Haris menyatakan bahwa tambahan anggaran pendidikan, khususnya untuk Bantuan Operasional Perguruan Tinggi Negeri (BOPTN), akan membantu perguruan tinggi menstabilkan biaya operasional tanpa harus membebani mahasiswa.</p><p style=\"text-align:justify;\">\"Peningkatan BOPTN tentu berdampak bagi perguruan tinggi untuk tidak menaikkan UKT. Kami sedang berdiskusi dengan sejumlah pemangku kepentingan untuk menambah porsi anggaran Kemendikbudristek,\" ujar Abdul Haris dalam sebuah pertemuan dengan wartawan pada Sabtu, 15 Juni 2024.</p><p style=\"text-align:justify;\">Diskusi ini melibatkan Kementerian Keuangan, Kementerian Koordinator Bidang Pembangunan Manusia dan Kebudayaan, serta Kantor Staf Presiden. Pemerintah berkomitmen untuk meningkatkan bantuan biaya operasional ke perguruan tinggi guna menjamin akses pendidikan tinggi yang terjangkau bagi semua lapisan masyarakat.</p><p style=\"text-align:justify;\">Meskipun tujuan peningkatan anggaran ini terlihat positif, beberapa pihak mengkhawatirkan efektivitas dan pengelolaan dana tersebut. Komisi Pemberantasan Korupsi (KPK) baru-baru ini mengungkapkan adanya ketimpangan dalam alokasi anggaran pendidikan. Dari total Rp 665 triliun dana pendidikan yang dianggarkan, hanya Rp 39 triliun yang dialokasikan untuk membantu biaya kuliah mahasiswa, sementara Rp 32 triliun digunakan untuk membiayai kampus-kampus kedinasan.</p><p style=\"text-align:justify;\">\"Setelah kami teliti, hanya Rp 7 triliun yang digunakan untuk mahasiswa PTN, sedangkan Rp 32 triliun dialokasikan untuk perguruan tinggi yang dikelola oleh kementerian/lembaga,\" ungkap Deputi Pencegahan dan Monitoring KPK, Pahala Nainggolan.</p><p style=\"text-align:justify;\">KPK juga menemukan penggunaan dana pendidikan tinggi yang tidak sesuai peruntukannya, termasuk digunakan untuk mengelola SMK dan pendidikan serta pelatihan internal kementerian/lembaga. Hal ini menimbulkan pertanyaan tentang apakah tambahan anggaran benar-benar akan digunakan secara efektif untuk mendukung perguruan tinggi negeri.</p><p style=\"text-align:justify;\">Pakar pendidikan, Dr. Rahmawati Siregar, menilai bahwa peningkatan anggaran pendidikan harus disertai dengan mekanisme pengawasan yang ketat untuk memastikan dana tersebut digunakan sesuai peruntukannya.</p><p style=\"text-align:justify;\">\"Tambahan anggaran dapat menjadi solusi jika dikelola dengan baik. Namun, jika pengawasannya lemah, justru bisa menjadi beban baru bagi negara. Transparansi dan akuntabilitas dalam pengelolaan anggaran sangat penting,\" ujar Dr. Rahmawati.</p><p style=\"text-align:justify;\">Ia juga menekankan pentingnya evaluasi berkala untuk memastikan bahwa tujuan peningkatan anggaran tercapai, yakni meningkatkan kualitas pendidikan dan memastikan akses yang merata bagi seluruh masyarakat.</p><p style=\"text-align:justify;\">Rencana peningkatan anggaran pendidikan oleh Kemendikbudristek membawa harapan baru untuk stabilitas biaya kuliah di perguruan tinggi negeri. Namun, efektivitas dari kebijakan ini masih harus diuji dengan pengelolaan yang transparan dan akuntabel. Pengawasan ketat dan evaluasi berkala menjadi kunci untuk memastikan bahwa tambahan anggaran benar-benar menjadi solusi, bukan beban baru bagi negara dan masyarakat.</p>', 'gambar/ukt anggaran.jpg', 0),
(105, 'Minggu, 16 Juni 2024 | 16:30', 'Kontroversi Putusan MA: Syarat Usia Calon Kepala Daerah Diubah, Kaesang Pangarep Diuntungkan?', '<p style=\"text-align:justify;\">Mahkamah Agung (MA) mengeluarkan keputusan yang mengubah syarat usia minimal calon kepala daerah. Keputusan ini disebut-sebut memiliki motif politik untuk memuluskan langkah putra bungsu Presiden Joko Widodo, Kaesang Pangarep, dalam Pilkada DKI Jakarta. Namun, beberapa partai politik menepis tudingan tersebut dan menyatakan bahwa putusan ini memberi peluang bagi generasi muda untuk berkiprah di dunia politik.</p><p style=\"text-align:justify;\">Aisah Putri Budiarti, peneliti dari Pusat Riset Politik Badan Riset dan Inovasi Nasional (BRIN), mengungkapkan bahwa keputusan MA membuka peluang bagi Kaesang yang baru akan berusia 30 tahun pada Desember mendatang untuk mencalonkan diri dalam Pilkada provinsi. “Selain karena umur, alasan kecurigaan lain adalah kenapa harus direvisi saat ini? Saat proses [pemenuhan persyaratan dukungan calon perseorangan] tengah berlangsung dan kenapa perubahannya lewat jalur-jalur potong kompas?“ kata Aisah kepada BBC News Indonesia, Jumat (31/05).</p><p style=\"text-align:justify;\">MA mengubah ketentuan usia calon kepala daerah dari minimal 30 tahun untuk tingkat provinsi dan 25 tahun untuk tingkat kota/kabupaten menjadi \"terhitung sejak pelantikan pasangan calon terpilih\" yang kemungkinan akan berlangsung awal tahun 2025.</p><p style=\"text-align:justify;\">Kritik keras datang dari berbagai kalangan. Pakar hukum tata negara Bivitri Susanti mengkritik penalaran hukum dalam putusan MA yang menurutnya tidak wajar dan keluar dari tugas konstitusional MA. Bivitri menilai pola ini mirip dengan langkah Mahkamah Konstitusi (MK) yang memudahkan Gibran Rakabuming Raka mencalonkan diri sebagai wakil presiden pada Pilpres 2024. “Kita memang lazim melihat pola yang sudah terjadi dan pola oleh keluarga ini kan sudah kelihatan waktu MK dengan bantuan paman Anwar Usman membuat pasal berubah. Persis polanya, cuma beda institusinya, satu MK, satu lagi MA,” kata Bivitri.</p><p style=\"text-align:justify;\">Menurutnya, perubahan aturan saat proses pilkada tengah berlangsung menimbulkan kecurigaan adanya kepentingan politik. Bivitri juga menyebut pengujian di MA sangat cepat dan tanpa proses persidangan terbuka, berbeda dengan uji materi di MK.</p><p style=\"text-align:justify;\">Presiden Jokowi dan wakil presiden terpilih Gibran Rakabuming Raka enggan berkomentar banyak tentang putusan MA tersebut. Kaesang sendiri disebut-sebut berpotensi maju dalam Pilkada DKI Jakarta, Depok, atau Bekasi. Ketua DPP PSI William Aditya Sarana menyatakan bahwa partainya membuka peluang mengusung Kaesang jika syarat administratif terpenuhi.</p><p style=\"text-align:justify;\">Pandangan partai politik beragam. Waketum Partai Gerindra, Habiburokhman, mendukung putusan MA, menyebutnya sebagai langkah tepat untuk regenerasi kepemimpinan. Di sisi lain, Partai Nasdem dan PDI Perjuangan mengkritik keputusan ini sebagai bentuk “mengakali aturan” untuk mengakomodir pihak tertentu. \"Menurut kita, enggak usahlah saling semuanya, mengakali aturan. Cukuplah sekali yang kemarin, cukup. Itu mahal betul biaya psycological social-nya,\" ujar Ketua DPP Partai Nasdem Sugeng Suparwoto.</p><p style=\"text-align:justify;\">Perubahan syarat usia calon kepala daerah oleh MA telah memicu kontroversi dan tudingan adanya kepentingan politik di balik keputusan tersebut. Sementara beberapa pihak melihat ini sebagai peluang bagi generasi muda, yang lain menganggapnya sebagai langkah untuk memuluskan karier politik Kaesang Pangarep. Proses dan alasan di balik perubahan ini terus menjadi perdebatan di kalangan masyarakat dan pakar hukum.</p>', 'gambar/ma ubah uu.jpg', 2),
(106, 'Minggu, 16 Juni 2024 | 16:43', 'PKB Angkat Bicara Soal Kemungkinan Koalisi Anies-Kaesang di Pilkada Jakarta 2024', '<p style=\"text-align:justify;\">Partai Kebangkitan Bangsa (PKB) memberikan tanggapan mengenai wacana koalisi antara Anies Baswedan dan Kaesang Pangarep untuk Pilkada Jakarta 2024. Wakil Sekretaris Jenderal PKB, Syaiful Huda, menyatakan bahwa survei menunjukkan dukungan terhadap Anies masih tinggi, sehingga pembentukan koalisi sangat mungkin terjadi.</p><p style=\"text-align:justify;\">\"Koalisi Anies-Kaesang ini muncul dari aspirasi yang berkembang di masyarakat. Setahu saya, survei menunjukkan dukungan terhadap Anies masih tinggi, sehingga potensi untuk membangun koalisi sangatlah mungkin,\" ujar Syaiful saat diwawancarai media di Komisi X, DPR RI, Jakarta pada Kamis (13/6/2024).</p><p style=\"text-align:justify;\">Lebih lanjut, Syaiful menyebutkan bahwa keputusan final mengenai koalisi akan berada di tangan partai koalisi, termasuk apakah Partai Solidaritas Indonesia (PSI) akan bergabung atau tidak.</p><p style=\"text-align:justify;\">\"Saya kira nanti kita serahkan pada partai koalisi. Apakah PSI mau bergabung atau tidak, atau mungkin ada partai lain yang lebih dulu bergabung, ini pasti akan mengubah konfigurasi koalisi,\" jelasnya.</p><p style=\"text-align:justify;\">Menanggapi kemungkinan kritik terhadap koalisi Anies-Kaesang, yang dianggap sebagai langkah mundur oleh masyarakat karena hubungan Anies yang sebelumnya bertentangan dengan PDIP pada Pilpres lalu, Syaiful mengatakan bahwa diskusi baru bisa dimulai ketika partai-partai telah mencapai ambang batas koalisi.</p><p style=\"text-align:justify;\">\"Isu ini akan menjadi bahan diskusi ketika partai-partai yang sepakat sudah memenuhi ambang batas 20%. Saat itu, materi-materi diskusi ini pasti akan lebih konkret,\" tambahnya.</p><p style=\"text-align:justify;\">Sebelumnya, DPW PKB Jakarta adalah pihak yang pertama kali menyatakan akan mendorong duet Anies-Kaesang dalam Pilkada Jakarta 2024. Ketua DPW PKB Jakarta, Hasbiallah Ilyas, menyatakan bahwa pihaknya sudah memutuskan untuk mengusung Anies sebagai bakal calon gubernur Jakarta 2024. Namun, DPW PKB Jakarta belum memutuskan siapa yang akan mendampingi Anies sebagai wakilnya.</p><p style=\"text-align:justify;\">Isu koalisi dengan Kaesang menimbulkan anggapan bahwa Anies telah mengingkari prinsipnya sendiri, mengingat pertentangannya dengan PDIP pada Pilpres beberapa bulan lalu.</p>', 'gambar/koalisi.jpg', 1),
(107, 'Minggu, 16 Juni 2024 | 16:45', '\"Politik Gotong Royong\" Jokowi Dinilai Berpotensi Lahirkan Pemerintahan Otoriter ala Orde Baru', '<p style=\"text-align:justify;\">Presiden Joko Widodo (Jokowi) mendorong koalisi antara Prabowo Subianto dan Gibran Rakabuming Raka yang unggul dalam hitung cepat Pilpres 2024, untuk merangkul lawan politik demi memastikan kesinambungan program Jokowi dan memperlancar program baru Prabowo. Namun, pengamat mengkhawatirkan hal ini bisa menciptakan pemerintahan mirip Orde Baru dengan parlemen yang tidak efektif.</p><p style=\"text-align:justify;\">Jokowi, yang mendukung pasangan Prabowo-Gibran menurut tim kampanye mereka, berupaya membangun komunikasi dengan ketua umum partai dari dua kubu pasangan lainnya: Anies Baswedan-Muhaimin Iskandar dan Ganjar Pranowo-Mahfud MD. Pada 12 Februari, dua hari sebelum pemungutan suara, Gubernur Yogyakarta Sri Sultan Hamengku Buwono X membenarkan bahwa Jokowi memintanya menjembatani pertemuan dengan Ketua Umum PDI-P Megawati Soekarnoputri.</p><p style=\"text-align:justify;\">PDI-P, bersama PPP, Partai Hanura, dan Partai Perindo, mengusung pasangan nomor urut 3 Ganjar-Mahfud. Sementara itu, Prabowo-Gibran didukung koalisi besar yang terdiri dari Partai Gerindra, Partai Demokrat, Partai Golkar, PAN, PSI, PBB, Partai Gelora, Partai Garuda, dan Partai Prima.</p><p style=\"text-align:justify;\">Pada 18 Februari, empat hari setelah pemilu, Jokowi bertemu Ketua Umum Partai Nasdem Surya Paloh di Istana Negara. Nasdem, bersama PKS dan PKB, mengusung pasangan nomor urut 1 Anies-Muhaimin. Surya membantah adanya ajakan untuk bergabung dengan kubu Prabowo-Gibran, menegaskan Nasdem masih berada di Koalisi Perubahan.</p><p style=\"text-align:justify;\">Aisah Putri Budiatri dari BRIN menilai bahwa langkah cepat lobi politik wajar melihat hasil hitung cepat yang menunjukkan kemenangan Prabowo-Gibran dan besarnya perolehan suara partai-partai dari kubu lain.</p><p style=\"text-align:justify;\">Dradjad Wibowo, anggota dewan pakar tim kampanye Prabowo-Gibran, menyatakan bahwa pembicaraan soal koalisi telah dimulai di tingkat pimpinan partai \"layer kedua\". Jokowi dan para ketua umum partai akan bersama-sama memutuskan susunan kabinet baru, penting untuk transisi pemerintahan yang mulus.</p><p style=\"text-align:justify;\">Di sisi lain, Amiruddin al-Rahab dari tim Anies-Muhaimin menegaskan fokus mereka masih pada proses pemilihan yang belum selesai. Chico Hakim dari tim Ganjar-Mahfud menyuarakan hal serupa, menyebut terlalu dini untuk bicara koalisi pemerintahan periode 2024-2029.</p><p style=\"text-align:justify;\">Ujang Komarudin dari Universitas Al Azhar Indonesia menekankan pentingnya merangkul pihak yang kalah untuk memastikan kebijakan pemerintahan berjalan lancar. Strategi \"demokrasi gotong royong\" ini telah dijalankan Jokowi selama 10 tahun pemerintahannya.</p><p style=\"text-align:justify;\">Namun, Silvanus Alvin dari Universitas Multimedia Nusantara mengingatkan bahwa dominasi koalisi bisa menghilangkan sistem checks and balances, merusak demokrasi. Aisah Putri Budiatri menambahkan bahwa Indonesia tidak boleh mengulangi kesalahan Orde Baru dengan parlemen yang tidak efektif.</p><p style=\"text-align:justify;\">Saat kekuatan oposisi di parlemen lemah, gerakan politik ekstra-parlementer dari masyarakat sipil menjadi penting untuk mengawal demokrasi, ujar Ujang.</p>', 'gambar/jokowi.jpeg', 2),
(108, 'Minggu, 16 Juni 2024 | 16:49', 'BPJS Kesehatan Akan Terapkan Kelas Rawat Inap Standar Mulai Juni 2025', '<p style=\"text-align:justify;\">Mulai Juni 2025, BPJS Kesehatan akan menghapus kelas 1, 2, dan 3 dan menggantinya dengan sistem Kelas Rawat Inap Standar (KRIS) di semua rumah sakit. Dengan KRIS, semua peserta BPJS Kesehatan akan mendapatkan pelayanan rawat inap yang sama, baik medis maupun non-medis.</p><p style=\"text-align:justify;\">Sebelumnya, meski pengobatan medis diberikan secara setara, fasilitas rawat inap untuk kelas 1, 2, dan 3 berbeda. Kini, semua peserta akan mendapatkan fasilitas yang seragam, sesuai Peraturan Presiden RI Nomor 59 Tahun 2024 tentang Jaminan Kesehatan yang diteken Presiden Joko Widodo pada 8 Mei 2024.</p><p style=\"text-align:justify;\">KRIS akan mencakup berbagai standar fasilitas, di antaranya:</p><ol><li><p style=\"text-align:justify;\">Bangunan dengan tingkat porositas rendah</p></li><li><p style=\"text-align:justify;\">Ventilasi udara minimal enam kali pergantian udara per jam</p></li><li><p style=\"text-align:justify;\">Pencahayaan sesuai standar (250 lux untuk penerangan, 50 lux untuk tidur)</p></li><li><p style=\"text-align:justify;\">Dua kotak kontak dan nurse call di setiap tempat tidur</p></li><li><p style=\"text-align:justify;\">Nakas di setiap tempat tidur</p></li><li><p style=\"text-align:justify;\">Suhu ruangan 20-26 derajat Celsius</p></li><li><p style=\"text-align:justify;\">Pemisahan ruangan berdasarkan jenis kelamin, usia, dan jenis penyakit</p></li><li><p style=\"text-align:justify;\">Maksimal empat tempat tidur per ruang, dengan jarak antar tempat tidur minimal 1,5 meter</p></li><li><p style=\"text-align:justify;\">Tirai/partisi menempel di plafon atau menggantung</p></li><li><p style=\"text-align:justify;\">Kamar mandi dalam ruang rawat inap</p></li><li><p style=\"text-align:justify;\">Kamar mandi sesuai standar aksesibilitas</p></li><li><p style=\"text-align:justify;\">Outlet oksigen</p></li></ol><p style=\"text-align:justify;\">Rumah sakit harus menerapkan fasilitas ini sebelum 30 Juni 2025. BPJS Kesehatan akan membayar tarif sesuai dengan ketentuan yang berlaku.</p><p style=\"text-align:justify;\">Sebelum perubahan ini, fasilitas tiap kelas BPJS Kesehatan berbeda. Kelas 1 mendapatkan ruang inap untuk 2-4 orang, bisa memilih dokter spesialis, dan fasilitas seperti TV, lemari es, dan AC. Kelas 2 mendapatkan ruang inap untuk 3-5 orang, dokter spesialis, AC, dan TV. Kelas 3 mendapatkan ruang inap untuk 4-6 orang, dokter umum dan spesialis (jika ditetapkan).</p><p style=\"text-align:justify;\">Iuran BPJS Kesehatan juga bervariasi: Rp150.000 untuk kelas 1, Rp100.000 untuk kelas 2, dan Rp35.000 (dengan subsidi Rp7.000 dari pemerintah) untuk kelas 3. Dengan penerapan KRIS, ada kemungkinan iuran BPJS Kesehatan akan disamaratakan.</p>', 'gambar/kelas bpjs.jpeg', 1),
(109, 'Minggu, 16 Juni 2024 | 17:01', 'Lima Kebiasaan Gen Z yang Memicu Diabetes: Jangan Anggap Remeh!', '<p style=\"text-align:justify;\">Diabetes, penyakit kronis yang ditandai dengan tingginya kadar gula darah, kini tak lagi hanya menyerang orang tua. Banyak kasus baru pada generasi muda, termasuk Gen Z.</p><p style=\"text-align:justify;\">Pada tahun 2021, Federasi Diabetes Internasional (IDF) mencatat bahwa diabetes mulai muncul pada usia 20 tahun, dengan 537 juta penderita berusia 20-79 tahun.</p><p style=\"text-align:justify;\">Gaya hidup menjadi faktor utama penyebab diabetes pada Gen Z. Berikut lima kebiasaan yang sering dilakukan Gen Z yang dapat meningkatkan risiko diabetes, merangkum berbagai sumber:</p><ul><li><p style=\"text-align:justify;\">Tidak Menjaga Berat Badan<br>Meski banyak program diet populer, masih banyak anak muda yang tidak memperhatikan berat badan. Kelebihan berat badan bisa meningkatkan risiko diabetes karena berhubungan dengan tingginya kadar gula darah.</p></li><li><p style=\"text-align:justify;\">Minum Kopi Susu<br>Es kopi susu dengan gula aren memang menggoda, terutama saat kantuk melanda. Namun, konsumsi berlebihan dapat meningkatkan risiko diabetes karena asupan gula yang tinggi. Kementerian Kesehatan merekomendasikan asupan gula maksimal 50 gram atau sekitar 4 sendok makan per hari.</p></li><li><p style=\"text-align:justify;\">Makan Junk Food<br>Pizza dan burger memang lezat, tetapi konsumsi junk food yang berlebihan juga bisa meningkatkan risiko diabetes. Ini disebabkan oleh tingginya kadar gula dan garam dalam makanan cepat saji.</p></li><li><p style=\"text-align:justify;\">Malas Gerak<br>Malas bergerak alias mager juga menjadi faktor risiko diabetes. Minimnya aktivitas fisik memperlambat metabolisme tubuh, membuatnya lebih rentan terhadap diabetes. Cobalah melakukan aktivitas fisik ringan seperti berjalan kaki untuk memperlancar metabolisme.</p></li><li><p style=\"text-align:justify;\">Begadang<br>Begadang dapat mengganggu ritme biologis tubuh, menyebabkan perubahan hormon yang dapat mengganggu kerja insulin, sehingga meningkatkan risiko diabetes.</p></li></ul>', 'gambar/diabetes.jpeg', 2),
(110, 'Minggu, 16 Juni 2024 | 17:08', 'Dirut BPJS Kesehatan Tekankan Pentingnya Skrining Kesehatan di Forum ASEAN', '<p style=\"text-align:justify;\">Direktur Utama BPJS Kesehatan, Ghufron Mukti, hadir sebagai delegasi tunggal Indonesia dalam ASEAN Priority Setting Exercise 2024 yang diselenggarakan di Singapura. Dalam acara tersebut, Ghufron menjelaskan inisiatif BPJS Kesehatan dalam memperkuat layanan skrining kesehatan bagi masyarakat.</p><p style=\"text-align:justify;\">Pada tahun 2023, sebanyak 39,7 juta peserta JKN telah memanfaatkan layanan skrining kesehatan untuk mengidentifikasi potensi risiko penyakit. Angka ini meningkat 17,7 kali lipat dibandingkan tahun 2021, yang hanya dimanfaatkan oleh 2,24 juta peserta JKN.</p><p style=\"text-align:justify;\">\"Layanan promosi, pencegahan, skrining, dan konsultasi telah diperkuat. Hal ini memungkinkan tidak hanya peserta JKN yang sakit tetapi juga yang sehat untuk memanfaatkan layanan JKN. Skrining riwayat kesehatan adalah langkah pertama untuk mendeteksi risiko penyakit. Peserta JKN dikelompokkan berdasarkan risiko rendah, sedang, dan tinggi melalui skrining yang diakses lewat Aplikasi Mobile JKN atau website BPJS Kesehatan. Peserta dengan risiko tinggi akan diarahkan ke fasilitas kesehatan untuk pemeriksaan dan penanganan lebih lanjut,\" jelas Ghufron dalam pernyataannya pada Kamis (13/6/2024).</p><p style=\"text-align:justify;\">Di hadapan perwakilan negara-negara ASEAN, Ghufron menguraikan empat jenis layanan skrining yang saat ini tersedia untuk peserta JKN: skrining diabetes melitus, skrining hipertensi, skrining kanker serviks, dan skrining kanker payudara. Ke depannya, BPJS Kesehatan akan memperluas layanan ini hingga mencakup 14 jenis skrining, termasuk skrining thalassemia, anemia, hepatitis, tuberkulosis, dan kanker paru-paru.</p><p style=\"text-align:justify;\">\"Penyakit dengan biaya katastropik masih menjadi beban terbesar dalam pembiayaan pelayanan kesehatan Program JKN, mencakup hampir 25% dari total biaya pelayanan di Fasilitas Kesehatan Rujukan Tingkat Lanjutan (FKRTL). Pada tahun 2023, BPJS Kesehatan mengeluarkan Rp 34,7 triliun untuk membayar layanan kesehatan 29,7 juta kasus penyakit berbiaya katastropik. Meskipun banyak masyarakat yang terbantu, beban biaya terus meningkat. Oleh karena itu, deteksi dini sangat penting. Semakin cepat diketahui, semakin cepat penanganannya,\" kata Ghufron.</p><p style=\"text-align:justify;\">Selain memaparkan inisiatif skrining, Ghufron juga menyoroti berbagai prestasi BPJS Kesehatan. Selain sering diundang sebagai pembicara di berbagai negara, Ghufron baru-baru ini terpilih sebagai Co-Convener dari Steering Group Joint Learning Network (JLN) for Universal Health Coverage. JLN adalah komunitas praktisi dan pembuat kebijakan dari berbagai negara yang bertujuan untuk berbagi pengalaman dan pengetahuan guna mengembangkan sistem serta sumber daya yang diperlukan untuk mencapai cakupan kesehatan universal (UHC).</p><p style=\"text-align:justify;\">Komunitas JLN melibatkan para pemimpin dari kementerian dan lembaga pembiayaan kesehatan nasional serta lembaga pemerintah lainnya di Asia, Afrika, Eropa, Amerika Latin, dan Timur Tengah</p>', 'gambar/skrinning bpjs.jpeg', 6),
(111, 'Minggu, 16 Juni 2024 | 17:13', 'Kominfo Rencana Blokir Aplikasi X, Netizen Bereaksi Keras di Media Sosial', '<p>Tagar “Kominfo” menjadi trending topic di media sosial setelah Kementerian Komunikasi dan Informatika mengumumkan rencana untuk memblokir aplikasi X. Keputusan ini diambil menyusul kebijakan baru dari pemilik aplikasi, Elon Musk, yang mengizinkan pengguna mengunggah konten asusila.</p><p>Pengumuman tersebut dibuat oleh aplikasi X pada akhir Mei 2024. Sebelumnya, Kominfo melalui Direktur Jenderal Aplikasi Informatika, Semuel Abrijani Pangerapan, meminta platform media sosial yang beroperasi di Indonesia untuk mematuhi aturan yang berlaku, termasuk larangan terhadap konten pornografi atau judi online.</p><p>Menanggapi kebijakan yang membolehkan pengguna mengunggah konten pornografi, Kominfo memastikan akan memblokir akses ke platform tersebut di Indonesia. Semuel menegaskan bahwa meskipun kebijakan ini bisa diterapkan di luar Indonesia, harus ada pembatasan bagi pengguna di Indonesia agar tidak dapat mengakses konten tersebut.</p><p>Banyak netizen menolak rencana pemblokiran ini. Beberapa warganet meminta Kominfo untuk mengkaji ulang langkah tersebut, dengan alasan bahwa aplikasi X tidak hanya digunakan untuk mendistribusikan konten negatif, tetapi juga sebagai platform untuk menyuarakan keadilan dan memberikan informasi positif.</p><p>\"<i>Dear Kominfo @kemkominfo, Aplikasi X isinya bukan cuma orang-orang yang mau liat film porno, tapi banyak hal lain. Coba diliat dari sisi positifnya, aplikasi X salah satu tempat untuk menyuarakan keadilan disaat mereka ga mampu buat lapor &amp; memilih untuk ngadu disini,</i>\" tulis seorang warganet dengan akun @dynat**.</p><p>Netizen lainnya menambahkan bahwa platform X sering digunakan untuk memberikan pandangan kritis dan informasi penting tentang fenomena yang terjadi.</p><p>\"<i>Beneran udah jadi negara gila deh kalo X ini kedepan bakal diblokir kominfo. dari semua platform cuma disini yg termasuk bisa bebas bersuara buat Palestine walaupun kadang? ada postingan yg dibatasi jangkauannya,</i>\" tulis @RJLe**Go.</p><p>Beberapa netizen juga menjelaskan bahwa aplikasi X memiliki peran penting dalam menyuarakan isu-isu sosial dan keadilan yang mungkin tidak terungkap melalui saluran lain.</p><p>\"<i>Gue mau kasih lo paham kominfo, apa aja yg ada di x selain konten porno yg kalian permasalahi. Pertama, Tiap orang di rl susah mengepresikan dan curhat secara pribadi. makanya mungkin 80 persen orang menggunakan x sebagai rumah kedua mereka,</i>\" tulis @cing**born.</p><p>\"<i>Kedua, NO VIRAL NO JUSTICE. Fungsi x selama ini ya ini. Termasuk sambo cs bisa ketangkep karena x. Ketiga, Dibanding porno, judol ini lebih meresahkan boss lu sampai bikin postingan ttg judol apakah lo gk malu?</i>\" pungkasnya.</p>', 'gambar/tolak-blokir-x.jpg', 6),
(112, 'Minggu, 16 Juni 2024 | 17:26', 'Data Pegawai Kemenko Perekonomian Bocor, Situs Judi Online Diduga Penyebabnya', '<p style=\"text-align:justify;\">Kementerian Koordinator Bidang Perekonomian mengonfirmasi adanya kebocoran data yang diduga akibat situs judi online. Kebocoran ini mencakup informasi pegawai, seperti nama, NPWP, hingga gaji, yang sempat ramai diperbincangkan di Twitter atau X.</p><p style=\"text-align:justify;\">Pada Minggu (9/6), akun @anvie di X mengungkapkan bahwa data pegawai Kemenko Perekonomian bocor dan tersedia di darknet, termasuk daftar nama, NPWP, dan gaji. Akun tersebut membagikan tangkapan layar data-data tersebut, namun memburamkan informasi sensitif seperti nama, nomor rekening, dan NPWP, hanya menampilkan nominal gaji pegawai.</p><p style=\"text-align:justify;\">Unggahan ini telah dilihat lebih dari 264 ribu warganet per Kamis (12/6). Menanggapi hal ini, Juru Bicara Kemenko Perekonomian, Haryo Limanseto, menjelaskan bahwa kebocoran data tersebut terjadi pada awal tahun 2024 dan terkait dengan peretas yang menyusupi situs mereka.</p><p style=\"text-align:justify;\">\"(Ini) isu lama. Pada Februari lalu, ada situs judi online yang masuk ke web kami. Biasanya, hacker-hacker mencoba kemampuan mereka dan membagikannya. Insiden ini sudah ditangani secara internal dan eksternal dengan BSSN,\" kata Haryo melalui sambungan telepon pada Rabu (12/6).</p><p style=\"text-align:justify;\">Menurutnya, langkah mitigasi telah dilakukan untuk memperkuat sistem keamanan agar kejadian serupa tidak terulang. Haryo juga menyatakan bahwa pihaknya telah berkoordinasi dengan Badan Sandi dan Siber Negara (BSSN) untuk menangani insiden tersebut.</p><p style=\"text-align:justify;\">\"Sejak awal tahun, insiden ini sudah dimitigasi supaya tidak berulang. Data pegawai Kemenko dan lainnya yang bocor berasal dari insiden pada Februari. Ini sudah ditangani baik secara internal maupun eksternal dengan BSSN,\" jelasnya.</p><p style=\"text-align:justify;\">Haryo tidak memberikan rincian jumlah data yang terdampak, namun menekankan bahwa penjahat siber akan terus berusaha menjebol sistem, dan pengelola data harus terus berupaya mengamankan data tersebut.</p><p style=\"text-align:justify;\">\"Sekarang kan orang sistem dengan penjebolnya saling berlomba-lomba. Kita amankan, mereka berusaha lagi masuk,\" pungkasnya.</p>', 'gambar/data.jpg', 0),
(113, 'Minggu, 16 Juni 2024 | 17:41', 'Transaksi Judi Online di Indonesia Melonjak 8.100% dalam 5 Tahun', '<p>Pusat Pelaporan dan Analisis Transaksi Keuangan (PPATK) melaporkan bahwa nilai transaksi judi online di Indonesia terus meningkat tajam. Pada tahun 2023, jumlah transaksi mencapai Rp 327 triliun, naik 213% dari Rp 104,41 triliun pada tahun 2022. Peningkatan ini sangat signifikan jika dibandingkan dengan lima tahun lalu, di mana nilai transaksi judi online pada tahun 2018 hanya sebesar Rp 3,97 triliun, mencatat lonjakan sebesar 8.136,77%.</p><p>Menurut PPATK, transaksi besar ini melibatkan sekitar 2,76 juta pengguna judi online, dengan 2,19 juta di antaranya berasal dari masyarakat berpenghasilan rendah seperti pelajar, mahasiswa, buruh, petani, ibu rumah tangga, dan pegawai swasta.</p><p>Dalam tiga bulan pertama tahun 2024, nilai transaksi judi online di Indonesia telah mencapai Rp 100 juta. Untuk memberantas aktivitas ini, Kementerian Komunikasi dan Informatika (Kemenkominfo) bersama Otoritas Jasa Keuangan (OJK) melakukan berbagai upaya pencegahan dan pemblokiran. Ketua Dewan Komisioner OJK, Mahendra Siregar, menyatakan bahwa pihaknya telah memblokir 5.000 rekening sejak awal tahun hingga Maret 2024.</p><p>Namun, Mahendra mengakui bahwa upaya ini belum cukup untuk sepenuhnya menghentikan aktivitas judi online, terutama karena beberapa transaksi dilakukan lintas batas dan tidak melalui rekening bank. Oleh karena itu, diperlukan koordinasi lintas kementerian dan lembaga untuk menangani masalah ini secara menyeluruh.</p><p>\"Beberapa aktivitas dilakukan di luar negeri, lintas batas, dan ada juga yang tidak melalui rekening bank. Oleh karena itu, perlu pendalaman dan penelusuran lebih lanjut untuk mengatasi hal ini,\" jelasnya.</p>', 'gambar/judi online.jpeg', 2),
(114, 'Minggu, 16 Juni 2024 | 17:51', 'Rupiah Anjlok ke Level Terendah dalam Setahun, Inflasi dan Ketidakpastian Global Jadi Penyebab', '<p style=\"text-align:justify;\">Nilai tukar rupiah terhadap dolar AS kembali terperosok ke level terendah dalam setahun terakhir, menyentuh angka Rp15.500 per dolar AS pada perdagangan Kamis (16/6/2024). Anjloknya nilai rupiah ini dipicu oleh beberapa faktor, termasuk inflasi domestik yang tinggi dan ketidakpastian ekonomi global.</p><p style=\"text-align:justify;\">Ekonom Bank Indonesia (BI) mengungkapkan bahwa tekanan inflasi dalam negeri terus meningkat, dipicu oleh kenaikan harga bahan pokok dan tarif energi. \"Kenaikan inflasi ini membuat investor asing lebih berhati-hati terhadap aset berdenominasi rupiah, sehingga mereka menarik dananya dan beralih ke aset yang dianggap lebih aman,\" kata Kepala Departemen Ekonomi dan Kebijakan Moneter BI, Hariyanto Supriyadi.</p><p style=\"text-align:justify;\">Selain itu, situasi ekonomi global yang tidak menentu, terutama ketidakpastian mengenai kebijakan moneter Amerika Serikat, turut memperburuk posisi rupiah. Federal Reserve AS diperkirakan akan kembali menaikkan suku bunga untuk menekan inflasi, yang pada gilirannya menarik aliran modal dari negara berkembang seperti Indonesia.</p><p style=\"text-align:justify;\">\"Kebijakan moneter ketat dari The Fed menyebabkan arus keluar modal dari pasar negara berkembang, termasuk Indonesia, yang memperlemah nilai tukar rupiah,\" jelas Hariyanto.</p><p style=\"text-align:justify;\">Di sisi lain, Menteri Keuangan Sri Mulyani Indrawati menyatakan bahwa pemerintah tengah berupaya untuk menstabilkan rupiah melalui berbagai langkah kebijakan. \"Kami bekerja sama dengan Bank Indonesia untuk melakukan intervensi di pasar valuta asing dan mengelola likuiditas agar dampak penurunan rupiah dapat diminimalisir,\" ujarnya.</p><p style=\"text-align:justify;\">Sri Mulyani juga menambahkan bahwa pemerintah sedang mempertimbangkan sejumlah langkah kebijakan fiskal untuk meredam inflasi, termasuk pengendalian harga bahan pokok dan subsidi energi.</p><p style=\"text-align:justify;\">Sementara itu, pengamat ekonomi dari Universitas Indonesia, Faisal Basri, menilai bahwa selain faktor eksternal, ketidakpastian politik dalam negeri menjelang pemilihan umum tahun depan turut memberikan tekanan pada nilai tukar rupiah. \"Investor cenderung bersikap wait and see melihat perkembangan politik yang mungkin berdampak pada stabilitas ekonomi dan kebijakan pemerintah ke depan,\" katanya.</p><p style=\"text-align:justify;\">Para pelaku usaha di sektor impor juga merasakan dampak langsung dari pelemahan rupiah. Harga barang impor naik, yang pada akhirnya dapat memicu inflasi lebih lanjut. \"Kami terpaksa menaikkan harga jual produk kami karena biaya impor bahan baku yang melonjak akibat rupiah yang melemah,\" ungkap seorang pengusaha tekstil di Jakarta.</p><p style=\"text-align:justify;\">Bank Indonesia bersama pemerintah berkomitmen untuk terus memonitor perkembangan ini dan siap mengambil langkah-langkah yang diperlukan untuk menjaga stabilitas ekonomi serta nilai tukar rupiah.</p>', 'gambar/kurs rupiah.jpg', 9),
(115, 'Minggu, 16 Juni 2024 | 17:51', 'Muhammadiyah Tarik Dana dari Bank Syariah Indonesia, Saham BSI Merosot Tajam', '<p style=\"text-align:justify;\">Muhammadiyah, salah satu organisasi Islam terbesar di Indonesia, telah memutuskan untuk menarik seluruh dananya dari PT Bank Syariah Indonesia (BSI). Keputusan ini memberikan dampak signifikan terhadap saham BSI yang mengalami penurunan drastis. Berikut adalah kronologi peristiwa ini dan dampaknya terhadap pasar saham.</p><p style=\"text-align:justify;\"><strong>Latar Belakang Keputusan Muhammadiyah</strong><br>Ketua Pimpinan Pusat (PP) Muhammadiyah Bidang Ekonomi, Bisnis, dan Industri Halal, Anwar Abbas, menjelaskan bahwa keputusan ini diambil karena dana Muhammadiyah terlalu terkonsentrasi di BSI. Hal ini menyebabkan bank-bank syariah lainnya kesulitan bersaing dengan margin yang ditawarkan oleh BSI.</p><p style=\"text-align:justify;\">“Sehingga bank-bank syariah lain tersebut tidak bisa berkompetisi dengan margin yang ditawarkan oleh BSI, baik dalam hal penempatan dana maupun pembiayaan. Bila hal ini terus berlangsung, maka persaingan di antara perbankan syariah tidak akan sehat, dan itu jelas tidak kita inginkan,” kata Anwar dalam keterangan tertulis di Jakarta, Rabu, 5 Juni 2024.</p><p style=\"text-align:justify;\">Anwar menegaskan bahwa Muhammadiyah berkomitmen mendukung perbankan syariah di Indonesia. Oleh karena itu, Muhammadiyah merasa perlu melakukan rasionalisasi dan konsolidasi terhadap keuangannya. Keputusan ini juga bertujuan untuk menata keuangan mereka dengan lebih baik, terutama dalam hal penempatan dana dan pembiayaan.</p><p style=\"text-align:justify;\">Keputusan ini tertuang dalam Memo Muhammadiyah Nomor 320/1.0/A/2024 tentang Konsolidasi Dana yang dikeluarkan pada 30 Mei 2024. Muhammadiyah menginstruksikan pengalihan dananya dari BSI ke beberapa bank syariah lainnya seperti Bank Syariah Bukopin, Bank Mega Syariah, Bank Muamalat, serta bank syariah lainnya di daerah.</p><p style=\"text-align:justify;\"><strong>Dampak pada Saham BSI</strong><br>Setelah pengumuman resmi pada 5 Juni 2024, saham BSI dengan kode BRIS mengalami penurunan sebesar 20 basis poin ke level Rp 2.260 per lembar. Penurunan ini berlanjut hingga Jumat, 7 Juni 2024, ketika saham BSI ditutup pada level Rp 2.180 per lembar, turun dari posisi awal pekan yang berada di zona hijau.</p><p style=\"text-align:justify;\">Menurut analis Samuel Sekuritas, Suria Dharma, kabar penarikan dana Muhammadiyah mengejutkan pelaku pasar. “Jumlahnya lumayan dibanding jumlah dana pihak ketiga (DPK) yang dikelola,” ujarnya. BSI tercatat mengelola Rp 297 triliun DPK per akhir Maret 2024.</p><p style=\"text-align:justify;\">Menanggapi keputusan ini, Corporate Secretary BSI, Wisnu Sunandar, menyatakan bahwa BSI berkomitmen untuk terus menjadi mitra strategis bagi seluruh pemangku kepentingan. \"BSI akan tetap memberikan pelayanan terbaik dan berkontribusi dalam pengembangan ekonomi syariah di Indonesia,\" kata Wisnu dalam keterangan tertulisnya.</p><p style=\"text-align:justify;\"><strong>Tanggapan Pengamat</strong><br>Direktur PT Laba Forexindo Berjangka, Ibrahim Assuaibi, mengatakan bahwa penurunan saham BSI pasca penarikan dana Muhammadiyah adalah kondisi yang wajar mengingat besarnya pengaruh ormas tersebut. Meski demikian, ia memprediksi tren negatif ini tidak akan berlangsung lama.</p><p style=\"text-align:justify;\">“Karena dipolitisasi, sehingga gonjang-ganjing terhadap saham emiten BSI di bursa efek. Saya optimis penurunan saham di bursa efek ini bersifat sesaat,” kata Ibrahim pada Rabu, 12 Juni 2024.</p><p style=\"text-align:justify;\">Analis Mirae Asset Sekuritas, Nafan Aji Gusta Utama, juga menilai bahwa efek penarikan dana Muhammadiyah terhadap saham BSI tidak signifikan dalam jangka panjang. Menurutnya, jumlah dana yang ditarik relatif kecil dibandingkan dengan total DPK yang dikelola Bank Syariah Indonesia, sehingga likuiditas perusahaan masih aman untuk mendukung operasional dan ekspansi.</p>', 'gambar/bsi.jpg', 6),
(116, 'Minggu, 16 Juni 2024 | 17:58', 'PHK Massal di Tokopedia, Ratusan Karyawan Terdampak', '<p style=\"text-align:justify;\">Tokopedia, salah satu perusahaan e-commerce terbesar di Indonesia, mengumumkan pemutusan hubungan kerja (PHK) massal yang memengaruhi ratusan karyawan. Langkah ini diambil sebagai bagian dari restrukturisasi perusahaan dalam menghadapi tantangan ekonomi yang semakin berat dan dinamika pasar yang berubah.</p><p style=\"text-align:justify;\">Dalam sebuah pernyataan resmi, CEO Tokopedia, William Tanuwijaya, menjelaskan bahwa keputusan sulit ini diambil setelah melalui berbagai pertimbangan strategis. \"Kami sangat menyesal harus mengambil langkah ini. PHK ini merupakan bagian dari upaya kami untuk memastikan keberlanjutan perusahaan di tengah situasi ekonomi yang menantang,\" kata William.</p><p style=\"text-align:justify;\"><strong>Latar Belakang PHK</strong><br>Menurut sumber internal, Tokopedia mengalami penurunan pendapatan yang signifikan dalam beberapa kuartal terakhir. Pandemi COVID-19 yang berkepanjangan, disertai dengan ketidakpastian ekonomi global, membuat perusahaan harus menyesuaikan strategi bisnisnya.</p><p style=\"text-align:justify;\">William menjelaskan bahwa perubahan kebiasaan belanja konsumen dan peningkatan biaya operasional juga menjadi faktor utama yang memaksa perusahaan untuk melakukan penyesuaian. \"Kami harus beradaptasi dengan cepat untuk tetap kompetitif di pasar yang sangat dinamis ini. Restrukturisasi ini adalah langkah yang diperlukan untuk mencapai efisiensi operasional yang lebih baik,\" tambahnya.</p><p style=\"text-align:justify;\"><strong>Dampak pada Karyawan</strong><br>PHK ini memengaruhi berbagai divisi di Tokopedia, termasuk pemasaran, teknologi, dan layanan pelanggan. Perusahaan berkomitmen untuk memberikan paket kompensasi yang adil dan bantuan penempatan kembali bagi karyawan yang terdampak.</p><p style=\"text-align:justify;\">\"Kami memahami bahwa ini adalah masa sulit bagi karyawan kami. Tokopedia akan memberikan dukungan penuh, termasuk paket pesangon yang layak, program outplacement, dan konseling karir untuk membantu mereka dalam transisi ini,\" ujar William.</p><p style=\"text-align:justify;\"><strong>Reaksi dan Tanggapan</strong><br>Kabar PHK massal ini telah memicu berbagai reaksi dari komunitas bisnis dan karyawan. Serikat pekerja e-commerce Indonesia menyatakan keprihatinannya atas langkah Tokopedia dan menekankan pentingnya dialog antara perusahaan dan karyawan untuk memastikan proses yang adil dan transparan.</p><p style=\"text-align:justify;\">Di sisi lain, para analis bisnis melihat langkah ini sebagai bagian dari tren yang lebih luas di industri teknologi, di mana perusahaan-perusahaan menghadapi tekanan untuk mempertahankan profitabilitas di tengah kondisi pasar yang berubah cepat.</p><p style=\"text-align:justify;\">\"PHK massal di Tokopedia mencerminkan tantangan yang dihadapi banyak perusahaan teknologi saat ini. Meskipun menyakitkan, langkah ini mungkin diperlukan untuk memastikan kelangsungan jangka panjang perusahaan,\" kata Hendra Gunawan, analis pasar dari Indotek Research.</p><p style=\"text-align:justify;\"><strong>Masa Depan Tokopedia</strong><br>William Tanuwijaya menegaskan bahwa Tokopedia tetap berkomitmen untuk melayani pelanggan dan mitra bisnisnya dengan lebih baik. \"Kami akan terus berinovasi dan mencari cara baru untuk memberikan nilai terbaik bagi pelanggan kami. Restrukturisasi ini adalah bagian dari perjalanan kami menuju masa depan yang lebih kuat dan lebih berkelanjutan,\" tutupnya.</p><p style=\"text-align:justify;\">Dengan PHK massal ini, Tokopedia berharap dapat mengoptimalkan sumber dayanya dan berfokus pada inisiatif strategis yang akan mendukung pertumbuhan dan keberlanjutan jangka panjang.</p>', 'gambar/tokped.jpeg', 4);

-- --------------------------------------------------------

--
-- Table structure for table `kategori`
--

CREATE TABLE `kategori` (
  `id_kategori` int(10) NOT NULL,
  `nama_kategori` varchar(100) NOT NULL,
  `keterangan` varchar(150) NOT NULL
) ENGINE=InnoDB DEFAULT CHARSET=utf8mb4 COLLATE=utf8mb4_general_ci;

--
-- Dumping data for table `kategori`
--

INSERT INTO `kategori` (`id_kategori`, `nama_kategori`, `keterangan`) VALUES
(1, 'Pendidikan', 'Artikel berkaitan dengan pendidikan'),
(2, 'Kesehatan', 'Artikel yang membahas terkait kesehatan'),
(3, 'Politik', 'Artikel yang membahas terkait politik'),
(18, 'Teknologi', 'Artikel yang membahas terkait teknologi'),
(19, 'Ekonomi', 'Artikel yang membahas terkait ekonomi');

-- --------------------------------------------------------

--
-- Table structure for table `kontributor`
--

CREATE TABLE `kontributor` (
  `id_kontributor` int(10) NOT NULL,
  `id_penulis` int(100) NOT NULL,
  `id_kategori` int(10) NOT NULL,
  `id_artikel` int(11) NOT NULL
) ENGINE=InnoDB DEFAULT CHARSET=utf8mb4 COLLATE=utf8mb4_general_ci;

--
-- Dumping data for table `kontributor`
--

INSERT INTO `kontributor` (`id_kontributor`, `id_penulis`, `id_kategori`, `id_artikel`) VALUES
(48, 23, 1, 102),
(49, 23, 1, 103),
(50, 23, 1, 104),
(51, 23, 3, 105),
(52, 23, 3, 106),
(53, 23, 3, 107),
(54, 23, 2, 108),
(55, 23, 2, 109),
(56, 23, 2, 110),
(57, 23, 18, 111),
(58, 23, 18, 112),
(59, 23, 18, 113),
(60, 23, 19, 114),
(61, 23, 19, 115),
(62, 23, 19, 116);

-- --------------------------------------------------------

--
-- Table structure for table `penulis`
--

CREATE TABLE `penulis` (
  `id_penulis` int(100) NOT NULL,
  `nama_penulis` varchar(100) NOT NULL,
  `email` varchar(100) NOT NULL,
  `password` varchar(100) NOT NULL
) ENGINE=InnoDB DEFAULT CHARSET=utf8mb4 COLLATE=utf8mb4_general_ci;

--
-- Dumping data for table `penulis`
--

INSERT INTO `penulis` (`id_penulis`, `nama_penulis`, `email`, `password`) VALUES
(2, 'saya', 'saya@gmail.com', '202cb962ac59075b964b07152d234b70'),
(20, 'adminblog', 'adminblog@gmail.com', '202cb962ac59075b964b07152d234b70'),
(21, 'penulis', 'penulis@gmail.com', '202cb962ac59075b964b07152d234b70'),
(23, 'sania', 'sania@gmail.com', '202cb962ac59075b964b07152d234b70'),
(24, 'penulis2', 'penulis2@gmail.com', '202cb962ac59075b964b07152d234b70');

--
-- Indexes for dumped tables
--

--
-- Indexes for table `artikel`
--
ALTER TABLE `artikel`
  ADD PRIMARY KEY (`id_artikel`);

--
-- Indexes for table `kategori`
--
ALTER TABLE `kategori`
  ADD PRIMARY KEY (`id_kategori`);

--
-- Indexes for table `kontributor`
--
ALTER TABLE `kontributor`
  ADD PRIMARY KEY (`id_kontributor`),
  ADD KEY `id_penulis` (`id_penulis`),
  ADD KEY `id_kategori` (`id_kategori`),
  ADD KEY `id_artikel` (`id_artikel`);

--
-- Indexes for table `penulis`
--
ALTER TABLE `penulis`
  ADD PRIMARY KEY (`id_penulis`);

--
-- AUTO_INCREMENT for dumped tables
--

--
-- AUTO_INCREMENT for table `artikel`
--
ALTER TABLE `artikel`
  MODIFY `id_artikel` int(11) NOT NULL AUTO_INCREMENT, AUTO_INCREMENT=117;

--
-- AUTO_INCREMENT for table `kategori`
--
ALTER TABLE `kategori`
  MODIFY `id_kategori` int(10) NOT NULL AUTO_INCREMENT, AUTO_INCREMENT=21;

--
-- AUTO_INCREMENT for table `kontributor`
--
ALTER TABLE `kontributor`
  MODIFY `id_kontributor` int(10) NOT NULL AUTO_INCREMENT, AUTO_INCREMENT=63;

--
-- AUTO_INCREMENT for table `penulis`
--
ALTER TABLE `penulis`
  MODIFY `id_penulis` int(100) NOT NULL AUTO_INCREMENT, AUTO_INCREMENT=25;

--
-- Constraints for dumped tables
--

--
-- Constraints for table `kontributor`
--
ALTER TABLE `kontributor`
  ADD CONSTRAINT `kontributor_ibfk_1` FOREIGN KEY (`id_penulis`) REFERENCES `penulis` (`id_penulis`),
  ADD CONSTRAINT `kontributor_ibfk_2` FOREIGN KEY (`id_kategori`) REFERENCES `kategori` (`id_kategori`),
  ADD CONSTRAINT `kontributor_ibfk_3` FOREIGN KEY (`id_artikel`) REFERENCES `artikel` (`id_artikel`);
COMMIT;

/*!40101 SET CHARACTER_SET_CLIENT=@OLD_CHARACTER_SET_CLIENT */;
/*!40101 SET CHARACTER_SET_RESULTS=@OLD_CHARACTER_SET_RESULTS */;
/*!40101 SET COLLATION_CONNECTION=@OLD_COLLATION_CONNECTION */;
